"","AuthorID","PaperNO","QuestAuthor","Coauthor","Paper","Journal"
"1","1","1","A Gupta","","Stanford DASH Multiprocessor: The Hardware and Software Approach ","PARLE Parallel Architectures and Languages Europe"
"2","1","2","A Gupta","A Acero; Y Rui","Automatically extracting highlights for TV Baseball programs ","ACM Multimedia"
"3","1","3","A Gupta","A Acharya; M Tambe","Implementation of Production Systems on Message-Passing Computers ","IEEE Trans Parallel Distrib Syst"
"4","1","4","A Gupta","A Agarwal","Memory-Reference Characteristics of Multiprocessor Applications under MACH ","SIGMETRICS Measurement and Modeling of Computer Systems"
"5","1","5","A Gupta","A Agrawal; N Chaddha; T Meng","Variable Compression Using JPEG ","ICMCS International Conference Multimedia Computing and Systems"
"6","1","6","A Gupta","A Balachandran; E Sanocki; G Jancke; J Grudin; J Cadiz","Distance learning through distributed collaborative video viewing ","CSCW Conference Computer Supported Cooperative Work"
"7","1","7","A Gupta","A Barachini; H Mistelberger","Run-Time Prediction for Production Systems ","AAAI National Conference Artificial Intelligence"
"8","1","8","A Gupta","A Bargeron; E Sanocki; J Grudin","Annotations for Streaming Video on the Web: System Design and Usage Studies ","Computer Networks"
"9","1","9","A Gupta","A Bargeron; E Sanocki; F Li; J Grudin","Asynchronous Collaboration around Multimedia and its Application to On-Demand Training ","HICSS INTERNATIONAL CONFERENCE SYSTEM SCIENCES"
"10","1","10","A Gupta","A Brush; D Bargeron; J Grudin","Notification for shared annotation of digital documents ","CHI Conference Human Factors Computing Systems"
"11","1","11","A Gupta","A Brush; D Bargeron; J Cadiz","Robust annotation positioning in digital documents ","CHI Conference Human Factors Computing Systems"
"12","1","12","A Gupta","A Bugnion; E Witchel; M Rosenblum; S Herrod","The Impact of Architectural Trends on Operating System Performance ","SOSP Symposium Operating Systems Principles"
"13","1","13","A Gupta","A Cadiz; Y Rui","Viewing meeting captured by an omni-directional camera ","CHI Conference Human Factors Computing Systems"
"14","1","14","A Gupta","A Cadiz; Q Liu; Y Rui","Automating camera management for lecture room environments ","CHI Conference Human Factors Computing Systems"
"15","1","15","A Gupta","R Devine; B Verghese; A Rosenblum","Scheduling and Page Migration for Multiprocessor Compute Servers,"," ASPLOS Architectural Support for Programming Languages and Operating Systems"
"16","1","16","A Gupta","A Chapin; M Rosenblum; S Herrod","Memory System Performance of UNIX on CC-NUMA Multiprocessors ","SIGMETRICS Measurement and Modeling of Computer Systems"
"17","1","17","A Gupta","A Cheriton; H Goosen; P Boyle","The VMP Multiprocessor: Initial Experience, Refinements and Performance Evlauation ","ISCA International Symposium Computer Architecture"
"18","1","18","A Gupta","A Colburn; I Tashev; J Cadiz; L He; R Cutler; S Silverberg; Y Rui; Z Zhang; Z Liu","Distributed meetings: a meeting capture and broadcasting system ","ACM Multimedia"
"19","1","19","A Gupta","R Rui; A Silverberg","Distributed meetings,"," ACM_Multimedia"
"20","1","20","A Gupta","C Forgy; A Wedig","Initial Assessment of Architectures for Production Systems,"," AAAI National Conference Artificial Intelligence"
"21","1","21","A Gupta","A Forgy","Static and Run-Time Characteristics of OPS Production Systems ","J Parallel Distrib Comput"
"22","1","22","A Gupta","K Gibbons; A Hennessy","Memory Consistency and Event Ordering in Scalable SharedMemory Multiprocessors Retrospectives and Reprints ,"," _Years_ISC"
"23","1","23","A Gupta","A Gharachorloo; R Chandra; V Soundararajan","Performance evaluation of hybrid hardware and software distributed shared memory protocols ","International Conference Supercomputing"
"24","1","24","A Gupta","K Gharachorloo; A Hennessy","Performance Evaluation of Memory Consistency Models for Shared Memory Multiprocessors,"," ASPLOS Architectural Support for Programming Languages and Operating Systems"
"25","1","25","A Gupta","A Grudin; L He","Designing presentations for on-demand viewing ","CSCW Conference Computer Supported Cooperative Work"
"26","1","26","A Gupta","A Wedig","Parallel Algorithms and Architectures for RuleBased Systems,"," ISCA International Symposium Computer Architecture"
"27","1","27","A Gupta","A Tambe","Suitability of Message Passing Computers for Implementing Production Systems,"," AAAI National Conference Artificial Intelligence"
"28","1","28","A Gupta","A Hakura","The Design and Analysis of a Cache Architecture for Texture Mapping ","ISCA International Symposium Computer Architecture"
"29","1","29","A Gupta","A He; Q Liu; Y Rui","Building an intelligent camera management system ","ACM Multimedia"
"30","1","30","A Gupta","A He","Exploring benefits of non-linear time compression ","ACM Multimedia"
"31","1","31","A Gupta","L Sanocki; A Grudin","Auto summarization of audiovideo presentations,",""
"32","1","32","A Gupta","A Heinlein; K Gharachorloo; M Rosenblum; R Bosch","Coherent Block Data Transfer in the FLASH Multiprocessor ","IPPS International Parallel Processing Symposium"
"33","1","33","A Gupta","A Heinlein; K Gharachorloo; S Dresser","Integration of Message Passing and Shared Memory in the Stanford FLASH Multiprocessor ","ASPLOS Architectural Support for Programming Languages and Operating Systems"
"34","1","34","A Gupta","A Hennessy; J Torrellas","Characterizing the Caching and Synchronization Performance of a Multiprocessor Operating System ","ASPLOS Architectural Support for Programming Languages and Operating Systems"
"35","1","35","A Gupta","A Hennessy; R Chandra","COOL: An Object-Based Language for Parallel Programming ","IEEE Computer"
"36","1","36","A Gupta","A Hennessy; K Gharachorloo; T Mowry; W Weber","Comparative Evaluation of Latency Reducing and Tolerating Techniques ","ISCA International Symposium Computer Architecture"
"37","1","37","A Gupta","A Hennessy; R Chandra","Data Locality and Load Balancing in COOL ","PPOPP Principles Practice of Parallel Programming"
"38","1","38","A Gupta","A Hennessy; K Gharachorloo","Hiding Memory Latency using Dynamic Scheduling in Shared-Memory Multiprocessors ","ISCA International Symposium Computer Architecture"
"39","1","39","A Gupta","A Hennessy; M Heinrich; V Soundararajan","A Quantitative Analysis of the Performance and Scalability of Distributed Shared Memory ","IEEE Trans Computers"
"40","1","40","A Gupta","A Hennessy; K Gharachorloo","Performance Evaluation of Memory Consistency Models for Shared Memory Multiprocessors ","ASPLOS Architectural Support for Programming Languages and Operating Systems"
"41","1","41","A Gupta","A Hennessy; K Gharachorloo; M Hill; S Adve","Programming for Different Memory Consistency Models ","J Parallel Distrib Comput"
"42","1","42","A Gupta","A Hennessy; K Gharachorloo","Two Techniques to Enhance the Performance of Memory Consistency Models ","ICPP International Conference Parallel Processing"
"43","1","43","A Gupta","A Holt; J Singh; J Hennessy; T Totsuka","Load Balancing and Data locality in Adaptive Hierarchical N-Body Methods: Barnes-Hut, Fast Multipole, and Rasiosity ","J Parallel Distrib Comput"
"44","1","44","A Gupta","A Holt; J Singh; J Hennessy","A parallel adaptive fast multipole method ","Supercomputing"
"45","1","45","A Gupta","A Jancke; G Venolia; J Cadiz","Designing and deploying an information awareness interface ","CSCW Conference Computer Supported Cooperative Work"
"46","1","46","A Gupta","A Jancke; G Venolia; J Grudin; J Cadiz","Linking public spaces: technical and social issues ","CHI Conference Human Factors Computing Systems"
"47","1","47","A Gupta","A Jancke; J Grudin","Presenting to local and remote audiences: design and use of the TELEP system ","CHI Conference Human Factors Computing Systems"
"48","1","48","A Gupta","A Lam; T Mowry","Design and Evaluation of a Compiler Algorithm for Prefetching ","ASPLOS Architectural Support for Programming Languages and Operating Systems"
"49","1","49","A Gupta","A Laudon; M Horowitz","Interleaving: A Multithreading Technique Targeting Multiprocessors and Workstations ","ASPLOS Architectural Support for Programming Languages and Operating Systems"
"50","1","50","A Gupta","A Lenoski; J Laudon; J Hennessy; K Gharachorloo; P Gibbons","Memory Consistency and Event Ordering in Scalable Shared-Memory Multiprocessors ","ISCA International Symposium Computer Architecture"
"51","1","51","A Gupta","A Lenoski; J Laudon; J Hennessy; K Gharachorloo","The Directory-Based Cache Coherence Protocol for the DASH Multiprocessor ","ISCA International Symposium Computer Architecture"
"52","1","52","A Gupta","A Lenoski; D Nakahira; J Laudon; J Hennessy; L Stevens; T Joe","The DASH Prototype: Logic Overhead and Performance ","IEEE Trans Parallel Distrib Syst"
"53","1","53","A Gupta","A Lenoski; D Nakahira; J Laudon; J Hennessy; L Stevens; T Joe","The DASH Prototype: Implementation and Performance ","ISCA International Symposium Computer Architecture"
"54","1","54","A Gupta","A Lenoski; J Laudon; J Hennessy; K Gharachorloo; M Horowitz; M Lam; W Weber","The Stanford Dash Multiprocessor ","IEEE Computer"
"55","1","55","A Gupta","A Martonosi; T Anderson","Effectiveness of Trace Sampling for Performance Debugging Tools ","SIGMETRICS Measurement and Modeling of Computer Systems"
"56","1","56","A Gupta","A Martonosi; T Anderson","MemSpy: Analyzing Memory System Bottlenecks in Programs ","SIGMETRICS Measurement and Modeling of Computer Systems"
"57","1","57","A Gupta","A Martonosi; T Anderson","Tuning Memory Performance of Sequential and Parallel Programs ","IEEE Computer"
"58","1","58","A Gupta","A Martonosi","Tradeoffs in Message Passing and Shared Memory Implementations of a Standard Cell Router ","ICPP International Conference Parallel Processing"
"59","1","59","A Gupta","A Mowry; W Weber","Reducing Memory and Traffic Requirements for Scalable Directory-Based Cache Coherence Schemes ","ICPP International Conference Parallel Processing"
"60","1","60","A Gupta","A Mowry","Tolerating Latency Through Software-Controlled Prefetching in Shared-Memory Multiprocessors ","J Parallel Distrib Comput"
"61","1","61","A Gupta","A Nakahira; D Ofelt; J Singh; J Kuskin; J Baxter; J Heinlein; J Hennessy; K Gharachorloo; M Heinrich; M Horowitz; M Rosenblum; R Simoni","The Performance Impact of Flexibility in the Stanford FLASH Multiprocessor ","ASPLOS Architectural Support for Programming Languages and Operating Systems"
"62","1","62","A Gupta","A Nakahira; D Ofelt; J Kuskin; J Baxter; J Chapin; J Heinlein; J Hennessy; K Gharachorloo; M Heinrich; M Horowitz; M Rosenblum; R Simoni","The Stanford FLASH Multiprocessor ","ISCA International Symposium Computer Architecture"
"63","1","63","A Gupta","A Nayak; P Rosenbloom","Comparison of the Rete and Treat Production Matchers for Soar ","AAAI National Conference Artificial Intelligence"
"64","1","64","A Gupta","A Newell; C Forgy","High-Speed Implementations of Rule-Based Systems ","ACM Trans Comput Syst"
"65","1","65","A Gupta","A Newell; C Forgy; R Wedig","Initial Assessment of Architectures for Production Systems ","AAAI National Conference Artificial Intelligence"
"66","1","66","A Gupta","A Newell; C Forgy; R Wedig","Parallel Algorithms and Architectures for Rule-Based Systems ","ISCA International Symposium Computer Architecture"
"67","1","67","A Gupta","A Newell; C Forgy; D Kalp; M Tambe","Parallel OPS on the Encore Multimax ","ICPP International Conference Parallel Processing"
"68","1","68","A Gupta","A Newell; B Milnes; C Forgy; D Kalp; M Tambe","Soar/PSM-E: Investigating Match Parallelism in a Learning Production System ","PPOPP Principles Practice of Parallel Programming PPEALS Symposium Principles and Practice of Parallel Programming"
"69","1","69","A Gupta","A Rothberg; J Singh","Modeling Communication in Parallel Algorithms: A Fruitful Interaction Between Theory and Systems?","SPAA ACM Symposium Parallel Algorithms and Architectures"
"70","1","70","A Gupta","A Rothberg","Experiences Implementing a Parallel ATMS on a Shared-Memory Multiprocessor ","IJCAI International Joint Conference Artificial Intelligence"
"71","1","71","A Gupta","E Singh","Working Sets Cache Sizes,"," ISCA International Symposium Computer Architecture"
"72","1","72","A Gupta","A Rothberg; J Singh","Working Sets, Cache Sizes, and Node Granularity Issues for Large-Scale Multiprocessors ","ISCA International Symposium Computer Architecture"
"73","1","73","A Gupta","A Rothberg","Parallel ICCG on a hierarchical memory multiprocessor - Addressing the triangular solve bottleneck ","Parallel Computing"
"74","1","74","A Gupta","A Rothberg","Techniques for improving the performance of sparse matrix factorization on multiprocessor workstations ","Supercomputing"
"75","1","75","A Gupta","A Rothburg","An efficient block-oriented approach to parallel sparse Cholesky factorization ","Supercomputing"
"76","1","76","A Gupta","Y Liu","Building an intelligent camera management system,"," ACM_Multimedia"
"77","1","77","A Gupta","Y Rui; A Acero","Automatically extracting highlights for TV Baseball programs,"," ACM_Multimedia"
"78","1","78","A Gupta","A Sanocki; F Li; L He; Y Rui","Browsing digital video ","CHI Conference Human Factors Computing Systems"
"79","1","79","A Gupta","A Sanocki; J Grudin; L He","Comparing presentation summaries: slides vs reading vs listening ","CHI Conference Human Factors Computing Systems"
"80","1","80","A Gupta","A Sanocki; G Kimberly; H Chesley; J Grudin; S White","Evolving Use of a System for Education at a Distance ","HICSS INTERNATIONAL CONFERENCE SYSTEM SCIENCES"
"81","1","81","A Gupta","A Sanocki; J Grudin; L He; N Omoigui","Time-Compression: Systems Concerns, Usage, and Benefits ","CHI Conference Human Factors Computing Systems"
"82","1","82","A Gupta","A Sanocki; J Grudin; L He","Auto-summarization of audio-video presentations ","ACM Multimedia"
"83","1","83","A Gupta","A Singh; J Hennessy","Implications of Hierarchical N-Body Methods for Multiprocessor Architectures","ACM Trans Comput Syst"
"84","1","84","A Gupta","A Singh; J Hennessy; T Joe","An empirical comparison of the Kendall Square Research KSR- and Stanford DASH multiprocessors ","Supercomputing"
"85","1","85","A Gupta","A Singh; M Levoy","Parallel Visualization Algorithms: Performance and Architectural Implications ","IEEE Computer"
"86","1","86","A Gupta","A Singh; J Hennessy","Scaling Parallel Programs for Multiprocessors: Methodology and Examples ","IEEE Computer"
"87","1","87","A Gupta","A Smith; D Douglas; D Maier; F Darema; J Ratner; O Lubeck; P Messina","What's in the future for parallel architectures?","Supercomputing"
"88","1","88","A Gupta","A Soul&eacute;","Characterization of Parallelism and Deadlocks in Distributed Digital Logic Simulation ","DAC Design Automation Conference"
"89","1","89","A Gupta","A Soul&eacute;","An Evaluation of the Chandy-Misra-Bryant Algorithm for Digital Logic Simulation ","ACM Trans Model Comput Simul"
"90","1","90","A Gupta","A Stenstr&ouml;m; T Joe","Comparative Performance Evaluation of Cache-Coherent NUMA and COMA Architectures ","ISCA International Symposium Computer Architecture"
"91","1","91","A Gupta","A Tambe","Suitability of Message Passing Computers for Implementing Production Systems ","AAAI National Conference Artificial Intelligence"
"92","1","92","A Gupta","A Teodosiu; J Chapin; M Rosenblum; S Devine; T Lahiri","Hive: Fault Containment for Shared-Memory Multiprocessors ","SOSP Symposium Operating Systems Principles"
"93","1","93","A Gupta","A Teodosiu; J Chapin; M Rosenblum; S Devine; T Lahiri","Implementing Efficient Fault Containment for Multiprocessors: Confining Faults in a Shared-Memory Multiprocessor Environment ","Commun ACM"
"94","1","94","A Gupta","A Torrie; J Singh; M Ohara; S Woo","The SPLASH- Programs: Characterization and Methodological Considerations ","ISCA International Symposium Computer Architecture"
"95","1","95","A Gupta","A Tucker; J Torrellas","Benefits of Cache-Affinity Scheduling in Shared-Memory Multiprocessors: A Summary ","SIGMETRICS Measurement and Modeling of Computer Systems"
"96","1","96","A Gupta","A Tucker; J Torrellas","Evaluating the Performance of Cache-Affinity Scheduling in Shared-Memory Multiprocessors ","J Parallel Distrib Comput"
"97","1","97","A Gupta","A Tucker","Exploiting Variable Grain Parallelism at Runtime ","PPOPP Principles Practice of Parallel Programming PPEALS Symposium Principles and Practice of Parallel Programming"
"98","1","98","A Gupta","A Tucker","Process Control and Scheduling Issues for Multiprogrammed Shared-Memory Multiprocessors ","SOSP Symposium Operating Systems Principles"
"99","1","99","A Gupta","A Tucker; S Urushibara","The Impact of Operating System Scheduling Policies and Synchronization Methods of the Performance of Parallel Application ","SIGMETRICS Measurement and Modeling of Computer Systems"
"100","1","100","A Gupta","A Verghese; J Hennessy; K Gharachorloo; M Heinrich; V Soundararajan","Flexible Use of Memory for Replication/Migration in Cache-Coherent DSM Multiprocessors ","ISCA International Symposium Computer Architecture"
"101","1","101","A Gupta","A Verghese; M Rosenblum","Performance Isolation: Sharing and Isolation in Shared-Memory Multiprocessors ","ASPLOS Architectural Support for Programming Languages and Operating Systems"
"102","1","102","A Gupta","A Verghese; M Rosenblum; S Devine","Operating System Support for Improving Data Locality on CC-NUMA Compute Servers ","ASPLOS Architectural Support for Programming Languages and Operating Systems"
"103","1","103","A Gupta","A Verghese; M Rosenblum; R Chandra; S Devine","Scheduling and Page Migration for Multiprocessor Compute Servers ","ASPLOS Architectural Support for Programming Languages and Operating Systems"
"104","1","104","A Gupta","A Weber","Cache Invalidation Patterns in Shared-Memory Multiprocessors ","IEEE Trans Computers"
"105","1","105","A Gupta","A Weber","Exploring the Benefits of Multiple Hardware Contexts in a Multiprocessor Architecture: Preliminary Results ","ISCA International Symposium Computer Architecture"
"106","1","106","A Gupta","A Weber","Analysis of Cache Invalidation Patterns in Multiprocessors ","ASPLOS Architectural Support for Programming Languages and Operating Systems"
"107","1","107","A Gupta","W Mowry","Reducing Memory and Traffic Requirements for Scalable Directory Based Cache Coherence Schemes,"," Anoop Gupta"
"108","1","108","A Gupta","S Singh","The SPLASH Programs,"," ISCA International Symposium Computer Architecture"
"109","2","1","A Gupta","P Carazo","Modeling Shape and Topology of D Images of Biological Specimens"," Proc Int Conf Image Proc And Pattern Recog ICPR International Conference Pattern Recognition"
"110","2","2","A Gupta","P Carazo"," A Framework for Querying a Database for Structural Information on D Images of Macromolecules: A Web-Based Query-by-Content Prototype on the BioImage Macromolecular Server"," Journal of Structural Biology"
"111","2","3","A Gupta","I Vouk"," A Modeling and Execution Environment for Distributed Scientific Workflows"," Int Conf Statistical and Scientific Data Management SSDBM Statistical and Scientific Database Management"
"112","2","4","A Gupta","J Hampapur","The Virage Image Search Engine: an open framework for image management"," Proc Storage and Retrieval for Still Image and Video Databases IV San Jose Computer Animation"
"113","2","5","A Gupta","C Chu","XML-Based Information Mediation for Digital Libraries"," Proc Digital Libraries"
"114","2","6","A Gupta","C Chu"," XML-Based Information Mediation with MIX"," Proc of the ACM SIGMOD International Conference Management of Data"
"115","2","7","A Gupta","A Baru; I Zaslavsky; R Marciano","Integrating GIS and Imagery Through XML-Based Information Mediation ","Integrated Spatial Databases"
"116","2","8","A Gupta","S Jain","Complex Visual Activity Recognition Using a Temporally Ordered Database"," Proc Of the rd Int Conf Visual The Lecture Notes Computer Science Springer"
"117","2","9","A Gupta","S Jain"," Semiorder Database for Complex Activity Recognition in Multi-sensory Environments"," Proc Of IEEE Int Conf Data Engineering San Diego demonstration paper"
"118","2","10","A Gupta","G Gupta","Towards a Federated Neuroscientific Knowledge Management System Using Brain Atlases"," Computational Neuroscience Meeting CNS poster paper Brugge"
"119","2","11","A Gupta","M Gupta"," A Semantic Mediation Approach for Problems in Computational Molecular Biology"," IEEE Computer Society Bioinformatics Conference CSB"
"120","2","12","A Gupta","P Carazo"," Modeling Shape and Topology of Low-resolution Density Maps of Biological Macromolecules"," Biophysical Journal"
"121","2","13","A Gupta","M Nazafi","General Medical Image online Description Grammar"," poster American Association of Ophthalmologists"
"122","2","14","A Gupta","A Zaslavsky"," BIRN-M: A Semantic Mediator for Solving Real-World Neuroscience Problems"," ACM Conf Management of Data SIGMOD International Conference Management of Data Demonstration page"
"123","2","15","A Gupta","S Moezzi; A Taylor; S Chatterjee; R Jain; M Goldbaum; S Burgess","Content-based retrieval of ophtalmological images","Proc International Conference Image Processing Lusanne"
"124","2","16","A Gupta","A Ray"," Declarative Specification of Gene Regulatory Networks and Query Evaluation in PathSys,","Proc of Workshop Bioinformatics conjunction with Intl Conf Data Engineering ICDE International Conference Data Engineering"
"125","2","17","A Gupta","A Chanda","A Hue Preserving Enhancement Scheme For A Class Of Colour Images"," Pattern Recognition Letters"
"126","2","18","A Gupta","A Jain","Visual information retrieval"," Communications of the ACM"
"127","2","19","A Gupta","","Visual Information Retrieval: a Virage Perspective"," Technical Report Virage Inc"
"128","2","20","A Gupta","A Bagchi","Learning object models in visual semantic networks"," Proc International Conference Tools with Artificial Intelligence TAI Los Alamitos Computer Animation IEEE Comput Soc Press"
"129","2","21","A Gupta","A Jain","An Event Management Architecture for Activity Recognition in a Multistream Video Database"," Proceedings of the Image Understanding Workshop Computer Animation"
"130","2","22","A Gupta","A Jain","An extended object-oriented data model for large image bases"," Proc Advances Spatial Databases Symposium SSD Symposium Large Spatial Databases Zurich Edited by Gunther O Schek H J Springer Verlag"
"131","2","23","A Gupta","A Baru"," An Extensible Information Model for Shared Scientific Data Collections"," Future Generation Computer Systems"
"132","2","24","A Gupta","A Jain","On Summarization of Video"," International Conference Image Processing IEEE Santa Barbara"
"133","2","25","A Gupta","A Jain","In Search of Information in Visual Media"," Communications of the ACM"
"134","2","26","A Gupta","A Baru"," Integrating GIS and Imagery through XML-Based Information Mediation"," Proc NSF International Workshop Integrated Spatial Databases Digital Images and GIS Workshop Advances Geographic Information Systems Lecture Notes Computer Science Springer Verlag"
"135","2","27","A Gupta","A Moore"," Ontology Services for Curriculum Development in NSDL"," ACM IEEE CS Joint Conference Digital Libraries JCDL ACM IEEE Joint Conference Digital Libraries"
"136","2","28","A Gupta","A Martone"," Registering Scientific Information Sources for Semantic Mediation,"," st International Conference Conceptual Modeling ER International Conference Conceptual Modeling the Entity Relationship Approach Tampere"
"137","2","29","A Gupta","A Jain","Semantic queries in image databases"," IFIP International Federation for Information Processing Transactions A Computer Science and Technology A"
"138","2","30","A Gupta","A Jain","Semantic queries with pictures: the VIMSYS model"," Proc International Conference Very Large Data Bases Barcelona Edited by Lohman G M Sernadas A Camps R San Mateo Computer Animation Morgan Kaufmann"
"139","2","31","A Gupta","A Zaslavsky"," A System for Managing Alternate Models in Model-based Mediation"," British National Conference Databases BNCOD British National Conference Databases"
"140","2","32","A Gupta","A Lud√§scher"," The Many Faces of Process Interaction Graphs: A Data Management Perspective"," OMICS A Journal of Integrative Biology"
"141","2","33","A Gupta","A Santini"," Toward a Feature Algebra for Visual Databases: a Case Study with Histogram Algebra"," VDB Visual Database Systems Int Conf Visual Databases Tokyo"
"142","2","34","A Gupta","A Martone"," Towards a Formalization of Disease-Specific Ontologies for Neuroinformatics"," Neural Networks press"
"143","2","35","A Gupta","A Hampapur; B Horowitz; C Fuller; C Shu; J Bach; M Gorkani; R Jain","Virage Video Engine ","Storage and Retrieval for Image and Video Databases SPIE The International Society for Optical Engineering"
"144","2","36","A Gupta","A Hampapur; B Horowitz; C Fuller; C Shu; J Bach; R Jain; R Humphrey","Virage Image Search Engine: An Open Framework for Image Management ","Storage and Retrieval for Image and Video Databases SPIE The International Society for Optical Engineering"
"145","2","37","A Gupta","R Gupta","Computer Vision and Visual Information Retrieval"," Book Chapter Advances Image Understanding A Festschrift for Prof Azriel Rosenfeld IEEE Computer Society Press"
"146","2","38","A Gupta","A Jain","Visual Information Retrieval ","Commun ACM"
"147","2","39","A Gupta","A Jain; S Santini","Emergent Semantics through Interaction in Image Databases ","IEEE Trans Knowl Data Eng"
"148","2","40","A Gupta","A Jain; T Weymouth","An Extended Object-Oriented Data Model for Large Image Bases ","SSD Symposium Large Spatial Databases"
"149","2","41","A Gupta","A Jain; S Santini","In Search of Information in Visual Media ","Commun ACM"
"150","2","42","A Gupta","A Jain; T Weymouth","Semantic Queries in Image Databases ","VDB Visual Database Systems"
"151","2","43","A Gupta","A Jain; T Weymouth","Semantic Queries with Pictures: The VIMSYS Model ","VLDB Very Large Data Bases"
"152","2","44","A Gupta","A Jain; S Bhonsle; S Santini","Semiorder Database for Complex Activity Recognition in Multi-Sensory Environments ","ICDE International Conference Data Engineering"
"153","2","45","A Gupta","A Jain; S Santini","A User Interface for Emergent Sementics in Image Databases ","DS Discovery Science"
"154","2","46","A Gupta","A Jain","Interactive video on WWW: beyond VCR-like interfaces"," Computer Networks and ISDN Systems"
"155","2","47","A Gupta","A Kelly; R Jain","Visual Computing Meets Data Modeling: Defining Objects in Multicamera Video Databases ","Storage and Retrieval for Image and Video Databases SPIE The International Society for Optical Engineering"
"156","2","48","A Gupta","A Lud&auml;scher; M Martone","BIRN-M: A Semantic Mediator for Solving Real-World Neuroscience Problems ","SIGMOD International Conference Management of Data Conference"
"157","2","49","A Gupta","A Lud&auml;scher; I Altintas","Compiling Abstract Scientific Workflows into Web Service Workflows ","SSDBM Statistical and Scientific Database Management"
"158","2","50","A Gupta","A Lud&auml;scher; M Martone","Knowledge-Based Integration of Neuroscience Data Sources ","SSDBM Statistical and Scientific Database Management"
"159","2","51","A Gupta","A Lud&auml;scher; I Zaslavsky; S Tambawala","Query Evaluation and Presentation Planning within a Spatial Mediator: Extending XML-based Mediation to Heterogeneous Sources of GIS and Imagery Data Invited Address ","DEXA Database and Expert Systems Applications Workshop"
"160","2","52","A Gupta","A Lud&auml;scher; M Martone","Model-Based Mediation with Domain Maps ","ICDE International Conference Data Engineering"
"161","2","53","A Gupta","A Lud&auml;scher; M Martone","Model-Based Information Integration in a Neuroscience Mediator System ","VLDB Very Large Data Bases"
"162","2","54","A Gupta","A Lud&auml;scher","Modeling Interactive Web Sources for Information Mediation ","ER International Conference Conceptual Modeling the Entity Relationship Approach Workshops"
"163","2","55","A Gupta","A Lud&auml;scher; C Baru; P Velikhov; R Marciano; V Chu; Y Papakonstantinou","XML-based Information Mediation for Digital Libraries ","ACM DL Digital Libraries"
"164","2","56","A Gupta","A Lud&auml;scher; C Baru; P Velikhov; R Marciano; V Chu; Y Papakonstantinou","XML-Based Information Mediation with MIX ","SIGMOD International Conference Management of Data Conference"
"165","2","57","A Gupta","A Lud&auml;scher; M Martone; X Qian","Navigating Virtual Information Sources with Know-ME ","EDBT Extending Database Technology"
"166","2","58","A Gupta","A Lud&auml;scher; M Martone","An Extensible Model-Based Mediatior System with Domain Maps ","ICDE International Conference Data Engineering Demo Sessions"
"167","2","59","A Gupta","A Lud&auml;scher; R Moore","Ontology services for curriculum development in NSDL ","JCDL ACM IEEE Joint Conference Digital Libraries"
"168","2","60","A Gupta","A Lud&auml;scher; M Martone","Registering Scientific Information Sources for Semantic Mediation ","ER International Conference Conceptual Modeling the Entity Relationship Approach"
"169","2","61","A Gupta","A Lud&auml;scher; E Ross; I Zaslavsky; J Tran; M Martone; X Qian","A System for Managing Alternate Models in Model-Based Mediation ","BNCOD British National Conference Databases"
"170","2","62","A Gupta","A Lud&auml;scher; I Altintas","Time to Leave the Trees: From Syntactic to Conceptual Querying of XML ","EDBT Extending Database Technology Workshops"
"171","2","63","A Gupta","A Lud&auml;scher; G Burns; K Stephan; R K&ouml;tter","Towards a federated neuroscientific knowledge management system using brain atlases ","Neurocomputing"
"172","2","64","A Gupta","B Altintas"," Compiling Abstract Scientific Workflows into Web Service Workflows"," Int Conf Statistical and Scientific Data Management SSDBM Statistical and Scientific Database Management"
"173","2","65","A Gupta","B Martone"," Model-Based Mediation with Domain Maps"," th Intl Conference Data Engineering ICDE International Conference Data Engineering Heidelberg IEEE Computer Society"
"174","2","66","A Gupta","B Martone"," A Model Based Mediator System for Scientific Data Management ","Z Lacroix and T Critchlow eds Bioinformatics Managing Scientific Data Morgan Kaufmann Publishers"
"175","2","67","A Gupta","B Gupta"," Modeling Interactive Web Sources for Information Mediation"," Proc WWWCM Conceptual Modeling for the World Wide Web"
"176","2","68","A Gupta","B Martone"," A Mediator System for Model-based Information Integration"," Int Conf VLDB Very Large Data Bases Cairo"
"177","2","69","A Gupta","B Gupta"," Time to Leave the Trees: From Syntactic to Conceptual Querying of XML"," Proc of Workshop XML Data Management XMLDM conjunction with Intl Conf Extending Database Technology EDBT Extending Database Technology"
"178","2","70","A Gupta","M Ellisman"," A Cell-Centered Database for Electron Tomographic Data"," Journal of Structural Biology"
"179","2","71","A Gupta","M Ellisman"," Federation of brain data through knowledge-guided mediation ","R Kotter ed Neuroscience Databases A Practical Guide Kluwer Academic Publishers"
"180","2","72","A Gupta","A Martone; S Zhang; X Qian","A Practical Approach for Microscopy Imaging Data Management MIDM in Neuroscience ","SSDBM Statistical and Scientific Database Management"
"181","2","73","A Gupta","R Gupta"," Collection-based persistent digital archives "," D Lib Magazine Corporation for National Research Initiatives"
"182","2","74","A Gupta","X Gupta"," Navigating Virtual Information Sources with Know-ME"," Proc of Conference Extending Database Technology EDBT Extending Database Technology Prague"
"183","2","75","A Gupta","S Gupta"," Conceptual Integration of Multiple Partial Geometric Models,"," st International Conference Conceptual Modeling ER International Conference Conceptual Modeling the Entity Relationship Approach Tampere"
"184","2","76","A Gupta","A Santini","A Data Model for Querying Wavelet Features in Image Databases ","Multimedia Information Systems"
"185","2","77","A Gupta","S Gupta"," GeMBASE: A Geometric Mediator for Brain Analysis with Surface Ensembles"," Intl Conf Very Large Databases VLDB Very Large Data Bases Hong Kong"
"186","2","78","A Gupta","S Jain","Querying Multiple Perspective Video"," Proceedings of SPIE The International Society for Optical Engineering Storage and Retrieval for Image and Video Databases VII San Jose"
"187","2","79","A Gupta","S Jain"," Emergent Semantics through Interaction in Image Databases"," IEEE Trans Knowledge and Data Engineering"
"188","2","80","A Gupta","S Gupta"," A Wavelet Data Model for Image Databases"," IEEE Intl Conf Multimedia and Expo Tokyo"
"189","2","81","A Gupta","S Gupta","An Extensible Feature Management Engine for Image Retrieval"," Proc SPIE The International Society for Optical Engineering Storage and Retrieval for Media Databases"
"190","2","82","A Gupta","A Santini; T Wang","An Interpolated Volume Data Model ","VLDB Very Large Data Bases"
"191","2","83","A Gupta","S Gupta"," Principles of Schema Design in Multimedia Databases"," IEEE Trans Multimedia Systems"
"192","2","84","A Gupta","S Jain","User Interfaces for Emergent Semantics in Image Databases,'' In Proceedings of the th IFIP Working Conference on Database Semantics DS- Rotorua New Zealand , January - ",""
"193","2","85","A Gupta","A Santini","Toward feature Algebras in Visual Databases: The Case for a Histogram Algebra ","VDB Visual Database Systems"
"194","2","86","A Gupta","A Shoshani; B Lud&auml;scher; C Pu; D Buttler; I Altintas; L Liu; M Coleman; M Vouk; R Moore; S Chandra; S Bhagwanani; T Critchlow; W Han; Z Cheng","A Modeling and Execution Environment for Distributed Scientific Workflows ","SSDBM Statistical and Scientific Database Management"
"195","2","87","A Gupta","A Smeulders; M Worring; R Jain; S Santini","Content-Based Image Retrieval at the End of the Early Years ","IEEE Transactions Pattern Analysis and Machine Intelligence"
"196","2","88","A Gupta","A Trivedi; S Bhonsle","Database Architecture for Autonomous Transportation Agents for On-Scene Networked Incident Management ATON ","ICPR International Conference Pattern Recognition"
"197","2","89","A Gupta","T Gupta"," An Interpolated Volume Data Model"," ACM Conf Very Large Databases VLDB Very Large Data Bases Demonstration"
"198","2","90","A Gupta","T Gupta"," An Interpolated Volume Model for Databases"," Int Conf Conceptual Modeling ER International Conference Conceptual Modeling the Entity Relationship Approach"
"199","2","91","A Gupta","A Worring; R Jain; S Bhonsle; S Santini","Complex Visual Activity Recognition Using a Temporally Ordered Database ","VISUAL Visual Information and Information Systems"
"200","2","92","A Gupta","I Marciano","Accuracy Mediation in a Spatial Wrapper Mediator System"," st Geographic Information Science Conference Extended abstract"
"201","2","93","A Gupta","I Marciano","Combined Query and Transformation Planning in Spatial Mediators"," Spatial Data Handling"
"202","2","94","A Gupta","I Baru"," XML-based Spatial Data Mediation Infrastructure for Global Interoperability"," th Global Spatial Data Infrastructure Conference Cape Town South Africa"
"203","2","95","A Gupta","S Martone"," A Practical Approach for Microscopy Imaging Data Management MIDM in Neuroscience"," Int Conf Statistical and Scientific Data Management SSDBM Statistical and Scientific Database Management"
"204","3","1","A Gupta","","Junglee: Integrating Data of All Shapes and Sizes ","ICDE International Conference Data Engineering"
"205","3","2","A Gupta","R Agrawal; S Sarawagi","Modeling Multidimensional Databases ","ICDE International Conference Data Engineering"
"206","3","3","A Gupta","A Rajaraman; V Harinarayan","Virtual Database Technology ","ICDE International Conference Data Engineering"
"207","3","4","A Gupta","V Harinarayan","Optimization Using Tuple Subsumption ","ICDT International Conference Database Theory"
"208","3","5","A Gupta","L Haas; Y Papakonstantinou","Capabilities-Based Query Rewriting in Mediator Systems ","PDIS Conference Parallel and Distributed Information Systems"
"209","3","6","A Gupta","D Quass; I Mumick; J Widom","Making Views Self-Maintainable for Data Warehousing ","PDIS Conference Parallel and Distributed Information Systems"
"210","3","7","A Gupta","J Ullman; J Widom; Y Sagiv","Constraint Checking with Partial Information ","PODS Symposium Principles of Database Systems"
"211","3","8","A Gupta","","Entrepreneurship for Information Systems Researchers Abstract of Invited Tutorial ","PODS Symposium Principles of Database Systems"
"212","3","9","A Gupta","I Mumick","Magic-sets Transformation in Nonrecursive Systems ","PODS Symposium Principles of Database Systems"
"213","3","10","A Gupta","J Ullman; J Widom; Y Sagiv","Efficient and Complete Tests for Database Integrity Constraint Checking ","PPCP Principles and Practice of Constraint Programming"
"214","3","11","A Gupta","D Quass; V Harinarayan","Aggregate-Query Processing in Data Warehousing Environments ","VLDB Very Large Data Bases"
"215","3","12","A Gupta","I Mumick","What is the Data Warehousing Problem? Are Materialized Views the Answer? ","VLDB Very Large Data Bases"
"216","3","13","A Gupta","J Naughton; P Deshpande; R Ramakrishnan; R Agrawal; S Agarwal; S Sarawagi","On the Computation of Multidimensional Aggregates ","VLDB Very Large Data Bases"
"217","3","14","A Gupta","J Ullman; J Widom; Y Sagiv","Validating Constraints with Partial Information: Research Overview ","DAISD Deductive Approach to Information Systems and Databases"
"218","3","15","A Gupta","H Jagadish; I Mumick","Maintenance and Self Maintenance of Outer-Join Views ","NGITS Next Generation Information Technologies and Systems"
"219","3","16","A Gupta","D Katiyar; I Mumick","Counting solutions to the View Maintenance Problem ","Workshop Deductive Databases JICSLP Joint International Conference and Symposium Logic Programming"
"220","3","17","A Gupta","J Ullman","Generalizing Conjunctive Query Containment for View Maintenance and Integrity Constraint Verification Abstract ","Workshop Deductive Databases JICSLP Joint International Conference and Symposium Logic Programming"
"221","3","18","A Gupta","I Mumick; K Ross","Adapting Materialized Views after Redefinitions ","SIGMOD International Conference Management of Data Conference"
"222","3","19","A Gupta","I Mumick; V Subrahmanian","Maintaining Views Incrementally ","SIGMOD International Conference Management of Data Conference"
"223","3","20","A Gupta","J Widom","Local Verification of Global Integrity Constraints in Distributed Databases ","SIGMOD International Conference Management of Data Conference"
"224","3","21","A Gupta","I Mumick; J Rao; K Ross","Adapting materialized views after redefinitions: techniques and a performance study ","Inf Syst"
"225","3","22","A Gupta","J Jos&eacute; A Blakeley","Using Partial Information to Update Materialized Views ","Inf Syst"
"226","3","23","A Gupta","L Haas; Y Papakonstantinou","Capabilities-Based Query Rewriting in Mediator Systems ","Distributed and Parallel Databases"
"227","3","24","A Gupta","I Mumick","Maintenance of Materialized Views: Problems, Techniques, and Applications ","IEEE Data Eng Bull"
"228","3","25","A Gupta","S Tiwari","Constraint Management On Distributed Design Databases ","IEEE Data Eng Bull"
"229","3","26","A Gupta","A Rajaraman; V Harinarayan","Virtual Database technology ","SIGMOD International Conference Management of Data Record"
"230","3","27","A Gupta","S Tiwari","Distributed Constraint Management for Collaborative Engineering Databases ","CIKM International Conference Information and Knowledge Management"
"231","3","28","A Gupta","H Jagadish; I Mumick","Data Integration using Self-Maintainable Views ","EDBT Extending Database Technology"
"232","3","29","A Gupta","H Garcia-Molina; J Ullman; Y Papakonstantinou","A Query Translation Scheme for Rapid Implementation of Wrappers ","DOOD Deductive and Object Oriented Databases"
"233","3","30","A Gupta","","E-Commerce and the Web ","Workshop Web Information and Data Management"
"234","3","31","A Gupta","A Swami; H Young","Algorithms for Handling Skew in Parallel Task Scheduling ","J Parallel Distrib Comput"
"235","4","1","A Gupta","","A Constructive Proof that Trees Are Well-Quasi-Ordered Under Minors ","LFCS Logical Foundations of Computer Science"
"236","4","2","A Gupta","","Finite Automata as Characterizations of Minor Closed Tree Families Extended Abstract ","ICALP Automata Languages and Programming"
"237","4","3","A Gupta","T Gupta","Qualitative Temporal Reasoning,","Pacific Rim International Conference Artificial Intelligence"
"238","4","4","A Gupta","","Computational model of the development of neoplastic pre-invasive bronchial epithelial lesions,"," English title General Congress Computo Medical Informatics City"
"239","4","5","A Gupta","S Ramachandran","An optimal parallel algorithm for formula evaluation,","SIAM Society for Industrial and Applied Mathematics Journal Computing"
"240","4","6","A Gupta","F Tamassia","Algorithms and Data Structures"," Springer Verlag Lecture Notes Computer Science Volume"
"241","4","7","A Gupta","J Gupta","Complexity in negation free logic,","Annals of Mathematics and Artificial Intelligence invited paper"
"242","4","8","A Gupta","J Gupta","Complexity in negation-free logic"," AAAI National Conference Artificial Intelligence Workshop Complexity and AI Artificial Intelligence"
"243","4","9","A Gupta","J Allen","A comparison of point-based approaches to qualitative temporal reasoning"," Artifical Intelligence J"
"244","4","10","A Gupta","J Gupta"," Updating =,-chains"," Information Processing Letters"
"245","4","11","A Gupta","A Delgrande","Updating &lt;=, &lt;-chains ","Inf Process Lett"
"246","4","12","A Gupta","A Delgrande; T Allen","Point-Based Approaches to Qualitative Temporal Reasoning ","PRICAI Pacific Rim International Conference Artificial Intelligence"
"247","4","13","A Gupta","A Delgrande; T Allen","Point-Based Approaches to Qualitative Temporal Reasoning ","AAAI National Conference Artificial Intelligence IAAI The Twelfth Innovative Applications of Artificial Intelligence"
"248","4","14","A Gupta","J Allen"," Point Based Approaches to Qualitative Temporal Reasoning"," American Association for Artificial Intelligence"
"249","4","15","A Gupta","J Gupta","Revising TimeGraph II,"," th Canadian Conference Artificial Intelligence"
"250","4","16","A Gupta","J Gupta","A representation for constant time temporal reasoning,","AAAI National Conference Artificial Intelligence"
"251","4","17","A Gupta","A Delgrande","A Representation for Efficient Temporal Reasoning ","AAAI National Conference Artificial Intelligence IAAI The Twelfth Innovative Applications of Artificial Intelligence"
"252","4","18","A Gupta","A Delgrande","The Complexity of Minimum Partial Truth Assignments and Implication in Negation-Free Formulae ","Annals of Mathematics and Artificial Intelligence"
"253","4","19","A Gupta","J Gupta","Two results in negation-free logic","Applied Mathematical Letters"
"254","4","20","A Gupta","H Gupta","Acyclic directed hypercubes may have exponential diameter,","Information Processing Letters"
"255","4","21","A Gupta","A Gaur; R Krishnamurti","A / -approximation algorithm for scheduling vehicles on a path with release and handling times ","Inf Process Lett"
"256","4","22","A Gupta","A Nishimura","Characterizing the complexity of subgraph isomorphism for graphs of bounded path-width,"," th Symposium the Theoretical Aspects of Computer Science"
"257","4","23","A Gupta","A Impagliazzo","Computing planar interwines","appeared at the Symposium the Foundations of Computer Science FOCS IEEE Symposium Foundations of Computer Science"
"258","4","24","A Gupta","A Impagliazzo","Computing planar interwines SIAM","Journal Discrete Mathematics Also appeared at the Symposium the Foundations of Computer Science FOCS IEEE Symposium Foundations of Computer Science"
"259","4","25","A Gupta","A Impagliazzo","Computing planar intertwines,","Siam Journal Discrete Mathematics"
"260","4","26","A Gupta","A Nishimura","Computing subtrees and supertrees"," Algorithmica"
"261","4","27","A Gupta","","A constructive proof that trees are well-quasi ordered under minors","A Nerode and M Taitslin editors Second Symposium the Logical Foundations of Computer Science pages Springer Verlag"
"262","4","28","A Gupta","","Constructivity issues in tree minors,","Technical Report TR Department of Computer Science University of Toronto PhD dissertation"
"263","4","29","A Gupta","A Nishimura","Finding Largest Common Embeddable Subtrees"," th Annual Symposium the Theoretical Aspects of Computer Science"
"264","4","30","A Gupta","A Nishimura","Finding Smallest Common Supertrees"," Sixth Annual International Symposium Algorithms and Computation"
"265","4","31","A Gupta","","A fast parallel algorithm for recognition of parenthesis languages,","Technical Report TR Department of Computer Science University of Toronto"
"266","4","32","A Gupta","A Shermer","Vertex Partitioning Problems on Partial k-trees"," Scandinavian Workshop Algorithmic Theory"
"267","4","33","A Gupta","A Shermer","Linear-Time Algorithms for Partial k-Tree Complements"," Algorithmica"
"268","4","34","A Gupta","A Ragde"," Embeddings of k-connected graphs of pathwidth k"," Proceedings of the th Annual Scandinavian Workshop Algorithm Theory"
"269","4","35","A Gupta","A Shermer"," On the complements of Partial k-Trees"," International Colloquium Automata Languages and Programming"
"270","4","36","A Gupta","A Nishimura","An outline of the graph minors project : Wagner's Conjecture","Technical Report TR Department of Computer Science University of Toronto"
"271","4","37","A Gupta","A Krishnamurti","Parallel algorithms for vehicle routing problems,"," Parallel Processing Letters"
"272","4","38","A Gupta","A Krishnamurti","Parallel algorithms for vehicle routing problems,","HIPC"
"273","4","39","A Gupta","A Nishimura","Sequential and Parallel Algorithms for Embedding Problems on Classes of Partial k-Trees"," Scandinavian Workshop Algorithmic Theory"
"274","4","40","A Gupta","A Nishimura","Sequential and parallel algorithms for embedding problems on k-connected partial k-trees,"," pages"
"275","4","41","A Gupta","A Mahajan","Using amplification to compute majority using small majority gates"," Computational Complexity"
"276","4","42","A Gupta","A Nishimura","The complexity of subgraph isomorphism: Duality results for graphs of bounded path- and tree-width"," TCS Theoretical Computer Science A"
"277","4","43","A Gupta","A Shermer","The Generalized Matching Problem on Partial k-Trees"," Contemporary Trends Discrete Math AMS American Mathematical Society"
"278","4","44","A Gupta","A Nishimura","The parallel complexity of tree embedding problems,","Journal of Algorithms Also appeared at the Ninth Symposium Theoretical Aspects of Computer Science STACS Symposium Theoretical Aspects of Computer Science"
"279","4","45","A Gupta","A Impagliazzo","Bounding the Size of Planar Intertwines ","SIAM Society for Industrial and Applied Mathematics J Discrete Math"
"280","4","46","A Gupta","A Impagliazzo","Computing Planar Intertwines","FOCS IEEE Symposium Foundations of Computer Science"
"281","4","47","A Gupta","A Kaller; S Mahajan; T Shermer","Vertex Partitioning Problems On Partial k-Trees ","SWAT Scandinavian Workshop Algorithm Theory"
"282","4","48","A Gupta","A Kaller; T Shermer","Linear-Time Algorithms for Partial k-Tree Complements ","Algorithmica"
"283","4","49","A Gupta","A Kaller; T Shermer","On the Complements of Partial k-Trees ","ICALP Automata Languages and Programming"
"284","4","50","A Gupta","D Shermer","Regular factors in k-trees"," Workshop Algorithms and Data Structures"
"285","4","51","A Gupta","A Kaller; T Shermer","Regular-Factors In The Complements Of Partial k-Trees ","WADS Workshop Algorithms and Data Structures"
"286","4","52","A Gupta","D Gupta; ; Shermer","The [chi lc gif] t-colouring problem"," th Annual Symposium the Theoretical Aspects of Computer Science"
"287","4","53","A Gupta","A Kaller; T Shermer","The Chi-t-Coloring Problem ","STACS Symposium Theoretical Aspects of Computer Science"
"288","4","54","A Gupta","A Mahajan","Using Amplification to Compute Majority with Small Majority Gates ","Computational Complexity"
"289","4","55","A Gupta","A Nishimura","Characterizing the Complexity of Subgraph Isomorphism for Graphs of Bounded Path-Width ","STACS Symposium Theoretical Aspects of Computer Science"
"290","4","56","A Gupta","A Nishimura","Finding Largest Common Embeddable Subtrees ","STACS Symposium Theoretical Aspects of Computer Science"
"291","4","57","A Gupta","A Nishimura","Finding Largest Subtrees and Smallest Supertrees ","Algorithmica"
"292","4","58","A Gupta","A Nishimura","finding Smallest Supertrees ","ISAAC International Symposium Algorithms and Computation"
"293","4","59","A Gupta","A Nishimura","Sequential and Parallel Algorithms for Embedding Problems on Classes of Partial k-Trees ","SWAT Scandinavian Workshop Algorithm Theory"
"294","4","60","A Gupta","A Nishimura","The Complexity of Subgraph Isomorphism for Classes of Partial k-Trees ","Theor Comput Sci"
"295","4","61","A Gupta","A Nishimura","The Parallel Complexity of Tree Embedding Problems ","J Algorithms"
"296","4","62","A Gupta","A Nishimura","The Parallel Complexity of Tree Embedding Problems Extended Abstract ","STACS Symposium Theoretical Aspects of Computer Science"
"297","4","63","A Gupta","A Proskurowski; N Nishimura; P Ragde","Embeddings of k-Connected Graphs of Pathwidth k ","SWAT Scandinavian Workshop Algorithm Theory"
"298","5","1","A Gupta","","Recent Progress in General Sparse Direct Solvers ","International Conference Computational Science"
"299","5","2","A Gupta","G Karypis; V Kumar","Highly Scalable Parallel Algorithms for Sparse Matrix Factorization","IEEE Transactions Parallel and Distributed Systems"
"300","5","3","A Gupta","","Improved Symbolic and Numerical Factorization Algorithms for Unsymmetric Sparse Matrices","IBM Research Report RC"
"301","5","4","A Gupta","M Joshi; V Kumar","WSMP: A High-Performance Serial and Parallel Sparse Linear Solver","IBM Research Report RC"
"302","5","5","A Gupta","","Recent Advances in Direct Methods for Solving Unsymmetric Sparse Systems of Linear Equations","IBM Research Report RC"
"303","5","6","A Gupta","A Gustavson; G Karypis; M Joshi; V Kumar","Design and Implementation of a Scalable Parallel Direct Solver for Sparse Symmetric Positive Definite Systems: Preliminary Results ","PPSC SIAM Conference Parallel Processing for Scientific Computing"
"304","5","7","A Gupta","A Gustavson","Fast Graph Partitioning and Its Application in Sparse Matrix Ordering ","PARA Applied Parallel Computing"
"305","5","8","A Gupta","A Gustavson","A New Parallel Algorithm for Tridiagonal Symmetric Positive Definite Systems of Equations ","PARA Applied Parallel Computing"
"306","5","9","A Gupta","A Gustavson; G Karypis; M Joshi; V Kumar","PSPASES: An Efficient and Scalable Parallel Sparse Direct Solver ","PPSC SIAM Conference Parallel Processing for Scientific Computing"
"307","5","10","A Gupta","A Gustavson; M Joshi; S Toledo","The Design, Implementation, and Evaluation of a Banded Linear Solver for Distributed-Memory Parallel Computers ","PARA Applied Parallel Computing"
"308","5","11","A Gupta","A Gustavson; M Joshi; S Toledo","The Design, Implementation, and Evaluation of a Symmetric Banded Linear Solver for Distributed-Memory Parallel Computers ","ACM Trans Math Softw"
"309","5","12","A Gupta","A Joshi; V Kumar","WSSMP: A High-Performance Serial and Parallel Symmetric Sparse Linear Solver ","PARA Applied Parallel Computing"
"310","5","13","A Gupta","A Karaivanov; F Gustavson; J Wasniewski; P Yalamov","Experience with a Recursive Perturbation Based Algorithm for Symmetric Indefinite Linear Systems ","Euro Par"
"311","5","14","A Gupta","A Karypis; V Kumar","A Highly Parallel Interior Point Algorithm ","PPSC SIAM Conference Parallel Processing for Scientific Computing"
"312","5","15","A Gupta","A Karypis; V Kumar","Highly Scalable Parallel Algorithms for Sparse Matrix Factorization ","IEEE Trans Parallel Distrib Syst"
"313","5","16","A Gupta","A Karypis; V Kumar","A parallel formulation of interior point algorithms ","Supercomputing"
"314","5","17","A Gupta","A Kumar","Analysis of scalability of parallel algorithms and architectures: a survey ","ICS International Conference Supercomputing"
"315","5","18","A Gupta","A Kumar","Performance Properties of Large Scale Parallel Systems ","J Parallel Distrib Comput"
"316","5","19","A Gupta","A Kumar","Parallel Algorithms for Forward and Back Substitution in Direct Solution of Sparse Linear Systems ","Supercomputing"
"317","5","20","A Gupta","A Kumar","Optimally Scalable Parallel Sparse Cholesky Factorization ","PPSC SIAM Conference Parallel Processing for Scientific Computing"
"318","5","21","A Gupta","A Kumar","A scalable parallel algorithm for sparse Cholesky factorization ","Supercomputing"
"319","5","22","A Gupta","A Kumar","Scalability of Parallel Algorithms for Matrix Multiplication ","ICPP International Conference Parallel Processing"
"320","5","23","A Gupta","A Kumar","The Scalability of FFT on Parallel Computers ","IEEE Trans Parallel Distrib Syst"
"321","5","24","A Gupta","A Moran; G Ditlow; R Williams; R Moore; T Wilkins","Parallel Analysis of IC Power Distribution Networks ","PPSC SIAM Conference Parallel Processing for Scientific Computing"
"322","5","25","A Gupta","A Muliadi","An Experimental Comparison of some Direct Sparse Solver Packages ","IPDPS International Parallel and Distributed Processing Symposium"
"323","5","26","A Gupta","A Rohatgi; R Agarwal","Fast practical algorithms for the Boolean-product-witness-matrix problem ","ISSAC International Symposium Symbolic and Algebraic Computation"
"324","5","27","A Gupta","A Sameh; V Kumar","Performance and Scalability of Preconditioned Conjugate Gradient Methods on Parallel Computers ","IEEE Trans Parallel Distrib Syst"
"325","5","28","A Gupta","A Sameh; V Kumar","Performance and Scalability of Preconditioned Conjugate Gradient Methods on the CM- ","PPSC SIAM Conference Parallel Processing for Scientific Computing"
"326","6","1","A Gupta","A Tardos","A constant factor approximation algorithm for a class of classification problems ","STOC ACM Symposium Theory of Computing"
"327","6","2","A Gupta","","Embedding Tree Metrics Into Low Dimensional Euclidean Spaces ","STOC ACM Symposium Theory of Computing"
"328","6","3","A Gupta","","Improved bandwidth approximation for trees ","SODA Symposium Discrete Algorithms"
"329","6","4","A Gupta","","Improved Bandwidth Approximation for Trees and Chordal Graphs ","J Algorithms"
"330","6","5","A Gupta","","Improved results for directed multicut ","SODA Symposium Discrete Algorithms"
"331","6","6","A Gupta","","Steiner points in tree metrics don't really help ","SODA Symposium Discrete Algorithms"
"332","6","7","A Gupta","A Andoni; M Deza; P Indyk; S Raskhodnikova","Lower bounds for embedding edit distance into normed spaces ","SODA Symposium Discrete Algorithms"
"333","6","8","A Gupta","A Chakrabarti; A Kumar; C Chekuri","Approximation Algorithms for the Unsplittable Flow Problem ","APPROX"
"334","6","9","A Gupta","A Dasgupta","An elementary proof of a theorem of Johnson and Lindenstrauss ","Random Structures and Algorithms"
"335","6","10","A Gupta","A Krauthgamer; J Lee","Bounded geometries, fractals, and low-distortion embeddings ","FOCS IEEE Symposium Foundations of Computer Science"
"336","6","11","A Gupta","A Kumar; T Roughgarden","A Constant Factor Approximation Algorithm for the Multicommodity Rent-or-Buy Problem ","FOCS IEEE Symposium Foundations of Computer Science"
"337","6","12","A Gupta","A Tardos","Constant Factor Approximation Algorithms for a Class of Classification Problems ","STOC ACM Symposium Theory of Computing"
"338","6","13","A Gupta","A Zane","Counting Inversions in Streams","SODA Symposium Discrete Algorithms"
"339","6","14","A Gupta","A Newman; Y Rabinovich; A Sinclair","Cuts, Trees and l Embeddings ","FOCS IEEE Symposium Foundations of Computer Science"
"340","6","15","A Gupta","A Chekuri; A Kumar; J Naor; D Raz","Designing Edge-Failure Resilient Networks ","IPCO Integer Programming Combinatorial Optimization"
"341","6","16","A Gupta","A Andoni; M Deza; P Indyk; S Raskhodnikova","Lower bounds for embedding edit distance into normed spaces","SODA Symposium Discrete Algorithms"
"342","6","17","A Gupta","A Chekuri; I Newman; Y Rabinovich; A Sinclair","Embedding k-Outerplanar graphs into l","SODA Symposium Discrete Algorithms"
"343","6","18","A Gupta","","Embeddings of Finite Metrics ","Ph D thesis University of"
"344","6","19","A Gupta","","Embedding Trees into Low Dimensional Euclidean Spaces ","STOC ACM Symposium Theory of Computing Discrete Computational Geometry"
"345","6","20","A Gupta","A Kumar; R Rastogi","Exploring the trade-off between label size and stack depth in MPLS routing ","INFOCOM The Conference Computer Communications"
"346","6","21","A Gupta","","Improved Bandwidth Approximation for Trees and Chordal graphs ","SODA Symposium Discrete Algorithms Journal of Algorithms"
"347","6","22","A Gupta","","Improved Results for Directed Multicut ","SODA Symposium Discrete Algorithms"
"348","6","23","A Gupta","A Dasgupta","An elementary proof of the Johnson Lindenstrauss lemma ","Random Structures Algorithms ICSI TR"
"349","6","24","A Gupta","A Srinivasan","On the Covering Steiner Problem","FST TCS Theoretical Computer Science"
"350","6","25","A Gupta","A Dhamdhere; R Ravi","Approximating average distortion for embeddings into the line","STACS Symposium Theoretical Aspects of Computer Science"
"351","6","26","A Gupta","A Kumar; M Pal; T Roughgarden","Approximation Via Cost-Sharing: A Simple Approximation Algorithm for the Multicommodity Rent-or-Buy Problem ","FOCS IEEE Symposium Foundations of Computer Science"
"352","6","27","A Gupta","A Chakrabarti; C Chekuri; A Kumar","Approximation Algorithms for the Unsplittable Flow Problem ","APPROX"
"353","6","28","A Gupta","A Kleinberg; A Kumar; R Rastogi; B Yener","Provisioning a Virtual Private Network: A Network Design problem for Multicommodity flows ","STOC ACM Symposium Theory of Computing"
"354","6","29","A Gupta","A Kumar; T Roughgarden","Simpler and Better Approximation Algorithms for Network Design "," STOC ACM Symposium Theory of Computing"
"355","6","30","A Gupta","A Kumar","Sorting and Selection with Structured Costs ","FOCS IEEE Symposium Foundations of Computer Science"
"356","6","31","A Gupta","","Steiner nodes in Trees don't really help ","SODA Symposium Discrete Algorithms"
"357","6","32","A Gupta","A Kumar; M Thorup","Tree Based MPLS Routing ","SPAA ACM Symposium Parallel Algorithms and Architectures"
"358","6","33","A Gupta","A Kumar; R Rastogi","Traveling with a Pez Dispenser or, Routing Issues in MPLS ","FOCS IEEE Symposium Foundations of Computer Science"
"359","6","34","A Gupta","A Kumar; C Chekuri; D Raz; J Naor","Building Edge-Failure Resilient Networks ","IPCO Integer Programming Combinatorial Optimization"
"360","6","35","A Gupta","A Kumar; T Roughgarden","A Constant-Factor Approximation Algorithm for the Multicommodity ","FOCS IEEE Symposium Foundations of Computer Science"
"361","6","36","A Gupta","A Kumar; R Rastogi","Exploring the trade-off between label size and stack depth in MPLS Routing ","INFOCOM The Conference Computer Communications"
"362","6","37","A Gupta","A Kumar; M P&aacute;l; T Roughgarden","Approximation Via Cost-Sharing: A Simple Approximation Algorithm for the Multicommodity Rent-or-Buy Problem ","FOCS IEEE Symposium Foundations of Computer Science"
"363","6","38","A Gupta","A Kumar; B Yener; J Kleinberg; R Rastogi","Provisioning a virtual private network: a network design problem for multicommodity flow ","STOC ACM Symposium Theory of Computing"
"364","6","39","A Gupta","A Kumar; T Roughgarden","Simpler and better approximation algorithms for network design ","STOC ACM Symposium Theory of Computing"
"365","6","40","A Gupta","A Kumar","Sorting and Selection with Structured Costs ","FOCS IEEE Symposium Foundations of Computer Science"
"366","6","41","A Gupta","A Kumar; M Thorup","Tree based MPLS routing ","SPAA ACM Symposium Parallel Algorithms and Architectures"
"367","6","42","A Gupta","A Kumar; R Rastogi","Traveling with a Pez Dispenser Or, Routing Issues in MPLS ","FOCS IEEE Symposium Foundations of Computer Science"
"368","6","43","A Gupta","A Lee; R Krauthgamer","Bounded Geometries, Fractals, and Low-Distortion Embeddings ","FOCS IEEE Symposium Foundations of Computer Science"
"369","6","44","A Gupta","A Sinclair; I Newman; Y Rabinovich","Cuts, Trees and l -Embeddings of Graphs ","FOCS IEEE Symposium Foundations of Computer Science"
"370","6","45","A Gupta","A Sinclair; C Chekuri; I Newman; Y Rabinovich","Embedding k-outerplanar graphs into l ","SODA Symposium Discrete Algorithms"
"371","6","46","A Gupta","A Zane","Counting inversions in lists ","SODA Symposium Discrete Algorithms"
"372","7","1","A Gupta","E Doncker; K Rathbun; P Ealy","Development of a parallel and distributed integration package - PART ","HPCN European International Conference High Performance Computing and Networking Europe"
"373","7","2","A Gupta","E Doncker; P Ealy","Two Methods for Load Balanced Distributed Adaptive Integration ","HPCN European International Conference High Performance Computing and Networking Europe"
"374","7","3","A Gupta","E Doncker","Multivariate Integration on Hypercubic and Mesh Networks ","Parallel Computing"
"375","7","4","A Gupta","E Doncker","Coarse Grain Preconditioned Conjugate Gradient Solver for Large Sparse Systems ","PPSC SIAM Conference Parallel Processing for Scientific Computing"
"376","7","5","A Gupta","A Genz; E Doncker; J Ball; P Ealy","ParInt: A Software Package for Parallel Integration ","International Conference Supercomputing"
"377","7","6","A Gupta","S Bruell; S Ghosh","Mutual Exclusion on a Hypercube ","J Parallel Distrib Comput"
"378","7","7","A Gupta","G Greenwood; K McSweeney","Scheduling Tasks in Multiprocessor Systems Using Evolutionary Strategies ","International Conference Evolutionary Computation"
"379","7","8","A Gupta","H Wang","Generalized Compressed Tree Machines ","IPPS International Parallel Processing Symposium"
"380","7","9","A Gupta","W Maass","Efficient Design of Boltzmann Machines ","NIPS Neural Information Processing Systems"
"381","7","10","A Gupta","A Photiou","Load Balances Priority Queues on Distributed Memory Machines ","PARLE Parallel Architectures and Languages Europe"
"382","7","11","A Gupta","A Boals; J Hashmi; N Sherwani","Compact Hypercubes: Properties and Recognition ","ICCI International Conference Computing and Information"
"383","7","12","A Gupta","A Boals; J Hashmi; N Sherwani","An Efficient Approximation Algorithm for Hypercube Scheduling ","ICCI International Conference Computing and Information"
"384","7","13","A Gupta","A Boals; N Sherwani","On Optimal Embeddings into Incomplete Hypercubes ","IPPS International Parallel Processing Symposium"
"385","7","14","A Gupta","C Fan; J Liu","Latin Cubes and Parallel Array Access ","IPPS International Parallel Processing Symposium"
"386","7","15","A Gupta","H Wang","On Embedding Ternary Trees into Boolean Hypercubes ","SPDP Symposium Parallel and Distributed Processing"
"387","7","16","A Gupta","S Hambrusch","Load balanced tree embeddings ","Parallel Computing"
"388","7","17","A Gupta","S Hambrusch","Embedding Complete Binary Trees into Butterfly Networks ","IEEE Trans Computers"
"389","7","18","A Gupta","S Hambrusch","Optimal Three-Dimensional Layouts of Complete Binary Trees ","Inf Process Lett"
"390","7","19","A Gupta","D Nelson; H Wang","Efficient embeddings of ternary trees into hypercubes ","J Parallel Distrib Comput"
"391","7","20","A Gupta","S Hambrusch","Multiple Network Embedding into Hypercubes ","J Parallel Distrib Comput"
"392","7","21","A Gupta","D Motzkin","Parallel organization and performance of an information system ","SAC Selected Areas Cryptography"
"393","8","1","A Gupta","","Formal Hardware Verification Methods: A Survey ","Formal Methods System Design"
"394","8","2","A Gupta","A Ashar; S Malik","Exploiting Retiming in a Guided Simulation Based Validation Methodology ","CHARME Conference Correct Hardware Design and Verification Methods"
"395","8","3","A Gupta","A Ashar; S Malik","Using complete- -distinguishability for FSM equivalence checking ","ICCAD International Conference Computer Aided Design"
"396","8","4","A Gupta","A Ashar; S Malik","Using complete- -distinguishability for FSM equivalence checking ","ACM Trans Design Autom Electr Syst"
"397","8","5","A Gupta","A Ashar; S Malik","Toward Formalizing a Validation Methodology Using Simulation Coverage ","DAC Design Automation Conference"
"398","8","6","A Gupta","A Fisher","Flexible Parallel Polygon Rendering ","ICPP International Conference Parallel Processing"
"399","8","7","A Gupta","A Fisher","Parametric Circuit Representation Using Inductive Boolean Functions ","CAV Computer Aided Verification"
"400","8","8","A Gupta","A Fisher","Tradeoffs in Canonical Sequential Function Representations ","ICCD International Conference Computer Design"
"401","8","9","A Gupta","P Ashar; Z Yang","Dynamic Detection and Removal of Inactive Clauses in SAT with Application in Image Computation ","DAC Design Automation Conference"
"402","8","10","A Gupta","A Fisher","Parametric circuit representation using inductive Boolean functions ","Proceedings of the Conference Computer Aided Verification of Lecture Notes Computer Science Springer Verlag"
"403","8","11","A Gupta","A Fisher","Representation and symbolic manipulation of linearly inductive Boolean functions ","Proceedings of the IEEE International Conference Computer Aided Design"
"404","8","12","A Gupta","P Ashar; Z Yang","SAT-Based Image Computation with Application in Reachability Analysis ","FMCAD Formal Methods Computer Aided Design"
"405","8","13","A Gupta","A Fisher","Tradeoffs in canonical sequential function representations ","Proceedings of the International Conference Computer Design"
"406","8","14","A Gupta","","Formal hardware verification methods: A survey ","Formal Methods System Design Nos Kluwer Academic Publishers"
"407","8","15","A Gupta","A Mukaiyama; A Casavant; K Wakabayashi; P Ashar; S Liu","Property-specific witness graph generation for guided simulation ","DATE Design Automation and Test Europe"
"408","8","16","A Gupta","A Mukaiyama; A Casavant; K Wakabayashi; P Ashar; X Liu","Property-Specific Testbench Generation for Guided Simulation ","VLSI Very Large Scale Integration Design"
"409","8","17","A Gupta","A Raghunathan; P Ashar; S Bhattacharya","Verification of Scheduling in the Presence of Loops Using Uninterpreted Symbolic Simulation ","ICCD International Conference Computer Design"
"410","8","18","A Gupta","A Wang; M Ganai; P Ashar; Z Yang","Abstraction and BDDs Complement SAT-Based BMC in DiVer ","CAV Computer Aided Verification"
"411","8","19","A Gupta","A Wang; M Ganai; P Ashar; Z Yang","Learning from BDDs in SAT-based bounded model checking ","DAC Design Automation Conference"
"412","8","20","A Gupta","A Zhang; M Ganai; P Ashar; S Malik","Combining strengths of circuit-based and CNF-based algorithms for a high-performance SAT solver ","DAC Design Automation Conference"
"413","8","21","A Gupta","A Zhang; P Ashar; S Malik; Z Yang","Partition-Based Decision Heuristics for Image Computation Using SAT and BDDs ","ICCAD International Conference Computer Aided Design"
"414","9","1","A Gupta","F Pe&ntilde;a-Mora; J Yeung; S Vadhavkar","An Integrated Framework to Support Distributed CAD over the Internet ","WETICE Workshop Enabling Technologies Infrastructure for Collaborative Enterprises"
"415","9","2","A Gupta","B Thuraisingham; C Clifton; E Ferrari; E Bertino","Directions for Web and E-Commerce Applications Security ","WETICE Workshop Enabling Technologies Infrastructure for Collaborative Enterprises"
"416","9","3","A Gupta","K Bansal; S Vadhavkar","Brief Application Description Neural Networks Based Forecasting Techniques for Inventory Control Applications ","Data Mining and Knowledge Discovery"
"417","9","4","A Gupta","A Dhond; S Vadhavkar","Data mining techniques for optimizing inventories for electronic commerce ","KDD Knowledge Discovery and Data Mining"
"418","9","5","A Gupta","J Kok; P Putten","Why the Information Explosion Can Be Bad for Data Mining, and How Data Fusion Provides a Way Out ","SDM SIAM International Conference Data Mining"
"419","9","6","A Gupta","M Butler; M Feng; P Huck","A self-configuring and self-administering name system with dynamic address assignment ","ACM Trans Internet Techn"
"420","9","7","A Gupta","A Agarwal; K Hussein; L Granowetter; P Wang","Detection of courtesy amount block on bank checks ","ICDAR International Conference Document Analysis"
"421","9","8","A Gupta","A Liu; M Nagendraprasad; P Wang; S Ayyadurai","An Integrated Architecture for Recognition of Totally Unconstrained Handwritten Numerals ","IJPRAI International Journal of Pattern Recognition and Artificial Intelligence"
"422","9","9","A Gupta","A Agarwal; L Mui; P Wang","An Adaptive Modular Neural Network with Application to Unconstrained Character Recognition ","IJPRAI International Journal of Pattern Recognition and Artificial Intelligence"
"423","9","10","A Gupta","M Reddy; M Siegel","Towards an Active Schema Integration Architecture for Heterogeneous Database Systems ","RIDE Research Issues Data Engineering IMS Interoperability Multidatabase Systems"
"424","9","11","A Gupta","B Prasad; M Reddy","Formulating Global Integrity Constraints During Derivation of Global Schema ","Data Knowl Eng"
"425","9","12","A Gupta","B Prasad; M Reddy; P Reddy","A Methodology for Integration of Heterogeneous Databases ","IEEE Trans Knowl Data Eng"
"426","9","13","A Gupta","S Madnick","A Taxonomy for Classifying Commercial Approaches to Information Integration in Heterogeneous Environments ","IEEE Data Eng Bull"
"427","10","1","A Gupta","B Kvande; I Levinstein; K Maly; M Olson; R Mukkamala; R Chambers; R Whitney; S Nanjangud","PMES: privilege mangagement and enforcement system for secure distributed resource sharing ","IFIP International Federation for Information Processing World Conference IT Tools"
"428","10","2","A Gupta","C Vemuru; H Syed; H Abdel-Wahab; K Maly; M Kholief; R Mukkamala; S Dittakavi","CoProcess: A Java-based Environment for Collaborative Process Management Over the Web ","WebNet"
"429","10","3","A Gupta","B Kvande; I Levinstein; K Maly; M Olson; R Mukkamala; R Chambers; R Whitney; S Nanjangud","A privilege management and enforcement system for distributed resource sharing ","WETICE Workshop Enabling Technologies Infrastructure for Collaborative Enterprises"
"430","10","4","A Gupta","A Youssef; C Overstreet; E Stoica; H Abdel-Wahab; J Wild; K Mary","The software architecture and interprocess communications of IRI: an Internet-based interactive distance learning system ","WETICE Workshop Enabling Technologies Infrastructure for Collaborative Enterprises"
"431","10","5","A Gupta","A Prabhu; C Vemuru; H Syed; H Abdel-Wahab; K Maly; R Mukkamala","Mosaic + XTV = CoReview ","Computer Networks and ISDN Systems"
"432","10","6","A Gupta","A Gonzalez; A Hamid; C Overstreet; H Abdel-Wahab; J Wild; K Maly; S Ghanem; X Zhu","IRI-h, a Java-based distance education system ","ACM Journal of Educational Resources Computing"
"433","10","7","A Gupta","K Maly; S Mynam","BTU: A Host Communication Benchmark ","IEEE Computer"
"434","10","8","A Gupta","A Youssef; C Overstreet; E Al-Shaer; E Stoica; H Abdel-Wahab; J Wild; K Maly","Interactive Distance Learning over Intranets ","IEEE Internet Computing"
"435","10","9","A Gupta","C Overstreet; H Abdel-Wahab; K Maly; M Kumar; R Srivastava","Performance trade-offs for a multimedia distributed application ","HPN High Performance Networking"
"436","11","1","A Gupta","M Moran; R Bettati; R Oppliger","A Security Architecture for Tenet Scheme ","IDMS Interactive Distributed Multimedia Systems and Telecommunication Services"
"437","11","2","A Gupta","R Bettati","Dynamic Resource Allocation Migration for Multiparty Real-Time Communications ","ICDCS International Conference Distributed Computing Systems"
"438","11","3","A Gupta","D Ferrari; M Moran; Q Nguyen; R Yavatkar; R Bettati; W Heffner; W Howe","Connection Establishment for Multi-Party Real-Time Communication ","NOSSDAV Network and Operating System Support for Digital Audio and Video"
"439","11","4","A Gupta","D Ferrari; G Ventre","Distributed Advance Reservation of Real-Time Connections ","NOSSDAV Network and Operating System Support for Digital Audio and Video"
"440","11","5","A Gupta","M Moran; Q Nguyen; W Howe","Resource Sharing for Multi-Party Real-Time Communication ","INFOCOM The Conference Computer Communications"
"441","11","6","A Gupta","D Ferrari; G Ventre","Distributed Advance Reservation of Real-Time Connections ","Multimedia Syst"
"442","11","7","A Gupta","D Ferrari","Resource partitioning for real-time communication ","IEEE ACM Trans Netw"
"443","11","8","A Gupta","K Rothermel","Failure Recovery for Multi-Party Real-Time Communication ","ICMCS International Conference Multimedia Computing and Systems"
"444","12","1","A Gupta","S Banerjee; A Basu","Online transcoding of web pages for mobile devices,","HCI Human Computer Interaction Udine"
"445","12","2","A Gupta","A Basu; U Deshpande","Adaptive Fault Tolerant Hospital Resource Scheduling ","CoopIS DOA International Symposium Distributed Objects and Applications ODBASE International Conference Ontologies Databases and Applications of SEmantics"
"446","12","3","A Gupta","A Basu; S Banerjee","Online Transcoding of Web Pages for Mobile Devices ","HCI Human Computer Interaction"
"447","12","4","A Gupta","A Basu","Intellegent mobile agent based framework for resource discovery and transcoding,","Intelligent Computing and VLSI Very Large Scale Integration Allied Publishers"
"448","12","5","A Gupta","R Borie","Balanced decomposition for partial-k trees,","Congressus Numerantium"
"449","12","6","A Gupta","U Deshpande; A Basu","Coordinated problem solving through resource sharing in a distributed environment,"," IEEE Transactions Systems Man and Cybernatics"
"450","12","7","A Gupta","U Deshpande; A Basu","A coordination mechanism for hospital resource scheduling using a multi-agent framework,"," rd International Workshop Distributed Computing Calcutta"
"451","12","8","A Gupta","U Deshpande; A Basu","Adaptive fault tolerant hospital resource scheduling,","International Conference Cooperative Information Systems LNCS"
"452","12","9","A Gupta","U Deshpande; A Basu","A distributed hospital resource scheduling system using a multi-agent framework,","IETE Technical Review"
"453","12","10","A Gupta","U Deshpande; A Basu","Performance improvement of contract net based using instance based learning,","International Workshop Distributed Computing Kolkata Proceedings Springer Verlag s LNCS series"
"454","12","11","A Gupta","U Deshpande; A Basu","Task assignment in a collaborative system with imprecise information,","KBCS Mumbai"
"455","12","12","A Gupta","S Ghosh; S Pemmaraju","Fault-containing network protocols,","Annual ACM Symposium Applied Computing San Jose"
"456","12","13","A Gupta","S Ghosh; S Pemmaraju","A fault-containing self-stabiling spanning tree algorithm,","Journal of Computing and Information"
"457","12","14","A Gupta","S Ghosh; T Herman; S Pemmaraju","Fault-containing self-stabilizing protocols,"," th Annual ACM Symposium Principles of Distributed Computing"
"458","12","15","A Gupta","S Ghosh","An exercise in fault-containment: Self-stabilizing leader election,","Information Processing Letters"
"459","12","16","A Gupta","S Ghosh; S Pemmaraju","Randomized algorithms in graph theory,","Technical Report TR Department of Computer Science The University of City"
"460","12","17","A Gupta","S Ghosh; M Karaata; S Pemmaraju","Self-stabilizing dynamic programming algorithms on trees,"," Workshop Self Stabilizing Systems Las Vegas"
"461","12","18","A Gupta","S Ghosh; M Karaata; S Pemmaraju","A self-stabilizing algorithm for maximal matching on trees,","Technical Report TR Department of Computer Science The University of City"
"462","12","19","A Gupta","S Ghosh; S Pemmaraju","A self-stabilizing algorithm for the maximum flow problem,","Distributed Computing"
"463","12","20","A Gupta","S Ghosh; S Pemmaraju","A self-stabilizing algorithm for the maximum flow problem,"," th Annual IEEE International Conference Computers and Communication"
"464","12","21","A Gupta","C Mazumdar","PMM: A parallel architecture for production systems,","ACM Southeastcon"
"465","12","22","A Gupta","C Mazumdar","A partially shared parallel Rete network for faster execution of production systems,","Froniters of Knowledge Based Computing Vijay P Bhatkar and Kiran M Rege ed Narosa Publishing House"
"466","12","23","A Gupta","N Gururaj","A simulator for distributed self-stabilizing algorithms,","ADCOM International Conference Advanced Computing and Communication Bhubaneswar"
"467","12","24","A Gupta","M Kortright; R Borie","Fast parallel algorithms for the balanced decomposition of series-parallel graphs,","Congressus Numerantium"
"468","12","25","A Gupta","V Madhu; P Singhal","Design and implementation of a Linux-based IPv -IPv Bridge,","CIT Bhubaneswar"
"469","12","26","A Gupta","A Nandi","Estimating Link Characteristics of Internet Paths With FPathchar ","International Conference Internet Computing"
"470","12","27","A Gupta","H Paul; R Badrinath","Combining diverse checkpoint and recovery algorithms for distributed systems,"," rd International Workshop Distributed Computing Calcutta"
"471","12","28","A Gupta","H Paul; R Badrinath","Hierarchical coordinated checkpointing algorithms,","PDCS Parallel and Distributed Computing Systems IASTED International Conference Parallel and Distributed Computing and Systems"
"472","12","29","A Gupta","H Paul; R Badrinath","A heterogeneous checkpoint and recovery protocol,","PDPTA Parallel and Distributed Processing Techniques and Applications International Conference Parallel and Distributd Processing Techniques and Applications Las Vegas"
"473","12","30","A Gupta","A Paul; R Badrinath","A Heterogeneous Checkpoint and Recovery Protocol in Cluster-Based Distributed Systems ","PDPTA Parallel and Distributed Processing Techniques and Applications"
"474","12","31","A Gupta","H Paul; R Badrinath","Evaluation of different classes of checkpoint and recovery potocols iwth dPSIM,","CIT th International Conference Information Technology Gopalpur Sea"
"475","12","32","A Gupta","H Paul; R Badrinath","Performance comparison of checkpoint and recovery protocols,"," Concurrency and Computation Practice and Experience"
"476","12","33","A Gupta","H Paul; R Badrinath","Simulation and performance estimation of checkpoint and recovery protocols,","Poster presentation HPC ASIA Bangalore"
"477","12","34","A Gupta","A Pemmaraju; S Ghosh","Fault-containing network protocols ","SAC Selected Areas Cryptography"
"478","12","35","A Gupta","A Pemmaraju; S Ghosh; T Herman","Fault-Containing Self-Stabilizing Algorithms ","PODC Symposium Principles of Distributed Computing"
"479","12","36","A Gupta","A Pemmaraju; S Ghosh","A Self-Stabilizing Algorithm for the Maximum Flow Problem ","Distributed Computing"
"480","12","37","A Gupta","S Ranjan; A Basu; A Meka; A Chaturvedi","Adaptive mobile agents: modeling and a case study,"," Workshop Distributed Computing Calcutta"
"481","12","38","A Gupta","S Shekhar; S Banerjee","Online transcoding of news pages for handheld devices,","International Conference Computer Sciences"
"482","13","1","A Gupta","M Dubuisson-Jolly; T O'Donnell","A Cooperative Framework for Segmentation Using D Active Contours and D Hybrid Models as Applied to Branching Cylindrical Structures ","ICCV International Conference Computer Vision"
"483","13","2","A Gupta","C Liang; M Dubuisson-Jolly","Optimal Polyline Tracking for Artery Motion Compensation in Coronary Angiography ","ICCV International Conference Computer Vision"
"484","13","3","A Gupta","T Boult; T O'Donnell","A new model for the recovery of cylindrical structures from medical image data ","CVRMed"
"485","13","4","A Gupta","B Bhanu; D Michael; T Boult","Introduction to the Special Issue on Innovative Applications of Computer Vision ","Mach Vis Appl"
"486","13","5","A Gupta","T Boult; T O'Donnell","Global Models with Parametric Offsets as Applied to Cardiac Motion Recovery ","CVPR Computer Vision and Pattern RecognitioN"
"487","13","6","A Gupta","G Funka-Lea","The use of hybrid models to recover cardiac wall motion in tagged MR images ","CVPR Computer Vision and Pattern RecognitioN"
"488","13","7","A Gupta","G Funka-Lea; R White; S Halliburton; S Aharon; T O'Donnell","Multi-Modality Model-Based Registration in the Cardiac Domain ","CVPR Computer Vision and Pattern RecognitioN"
"489","14","1","A Gupta","J Chew","Fairness performance of dynamic weights in the ATM ABR service ","Perform Eval"
"490","14","2","A Gupta","J Chew","Improving Fairness of Long VCs Using Active Fairness in the ATM ABR Service ","ICC International Conference Communications"
"491","14","3","A Gupta","X Wang","Controlling Isochronous Traffic in CRMA/ATM Interworking ","ICC International Conference Communications"
"492","14","4","A Gupta","B Lee; M Shamsuzzaman","A New Consolidation Algorithm for Point-to-Multipoint ABR Service in ATM Networks ","ICN International Competition Network"
"493","14","5","A Gupta","N Georganas","Analysis of a Packet Switch with Input and Output Buffers and Speed Constraints ","INFOCOM The Conference Computer Communications"
"494","14","6","A Gupta","N Georganas","Priority Performance of ATM Packet Switches ","INFOCOM The Conference Computer Communications"
"495","14","7","A Gupta","L Orozco-Barbosa; N Georganas","Switching Modules for ATM Switching Systems and Their Interconnection Networks ","Computer Networks and ISDN Systems"
"496","15","1","A Gupta","G Adomavicius","Towards Comprehensive Bidder Support in Online Combinatorial Auctions,","Proceedings of WITS Workshop Information Technologies and Systems"
"497","15","2","A Gupta","R Bapna; P Goes"," Comparative Analysis of Multi-Item Online Auctions: Evidence from the Laboratory,","Decision Support System"
"498","15","3","A Gupta","R Bapna","Online Mercantile Processes: A Closer Look at B C Online Auctions, in Handbook of Electronic Commerce in Business and Society, P B Lowry, R J Watson, and J O Cherrington eds , St Lucie Press, Boca Raton, FL, , - ",""
"499","15","4","A Gupta","R Bapna; P Goes","Online Mercantile Processes for Digital Products under Quality-of-Service and Uncertain Demand,","Proceedings of WITS Workshop Information Technologies and Systems Sydney"
"500","15","5","A Gupta","R Bapna; P Goes"," Analysis and Design of Business-to-Consumer Online Auctions,","Management Science"
"501","15","6","A Gupta","R Bapna; P Goes"," Insights and Analysis of Online Auctions,","Communications of the ACM"
"502","15","7","A Gupta","R Bapna; P Goes; G aruga","Predictive Calibration of Online Multi-Unit Ascending Auctions,","Proceedings of WITS Workshop Information Technologies and Systems Barcelona Nominated for the Best Paper Award"
"503","15","8","A Gupta","R Bapna; P Goes; G Karuga","Optimal Design of the Online Auction Channel: Analytical, Empirical and Computational Insights,","Decision Sciences of prepublication version"
"504","15","9","A Gupta","R Bapna; P Goes"," Replicating Online Yankee Auctions to Analyze Auctioneers' and Bidders' Strategies,","Information Systems Research"
"505","15","10","A Gupta","R Bapna; P Goes","Simulating Online Yankee Auctions to Optimize Sellers Revenue,","Proceedings of HICSS INTERNATIONAL CONFERENCE SYSTEM SCIENCES Maui"
"506","15","11","A Gupta","R Bapna; P Goes; Y Jin","User Heterogeneity and its Impact on Electronic Auction Market Design: An Empirical Exploration,","Forthcoming Management Information Systems Quarterly"
"507","15","12","A Gupta","R Bapna; P Goes"," A Theoretical and Empirical Investigation of Multi-item On-line Auctions,","Information Technology and Management"
"508","15","13","A Gupta","A Chellappa; G Gupta; A A","Managing Computing Resources in Active Intranets ,","International Journal of Network Management"
"509","15","14","A Gupta","A Chen; P Goes; J Marsden","Database Design in the Modern Organization - Identifying Robust Structures Under Changing Query Patterns and Arrival Rate Conditions,","Forthcoming Decision Support Systems of Article Press version"
"510","15","15","A Gupta","A Goes; R Bapna","Insights and Analyses of Online Auctions ","Commun ACM"
"511","15","16","A Gupta","A Goes; R Bapna","Simulating Online Yankee Auctions to Optimize Sellers Revenue ","HICSS INTERNATIONAL CONFERENCE SYSTEM SCIENCES"
"512","15","17","A Gupta","A Gopal","Minitrack Introduction ","HICSS INTERNATIONAL CONFERENCE SYSTEM SCIENCES"
"513","15","18","A Gupta","R Gopal","Trading Higher Software Piracy for Higher Profits: The Case of Phantom Piracy,","Proceedings of HICSS INTERNATIONAL CONFERENCE SYSTEM SCIENCES Big Island Nominated for the Best Paper Award"
"514","15","19","A Gupta","L Linden; D Stahl; A Whinston"," Benefits and Costs of Adopting Usage Based Pricing in a Subnetwork,","Information Technology and Management"
"515","15","20","A Gupta","D Stahl; A Whinston","A Conceptual Framework for Applying Parallel Computing to Flexible Manufacturing Systems,","Proceedings of NSF Conference Design and Manufacturing"
"516","15","21","A Gupta","B Su; Z Walter","Economic Analysis of Consumer Purchase Intentions in Electronic and Traditional Retail Channels: Competitive and Strategic Implications,","Forthcoming Decision Support Systems"
"517","15","22","A Gupta","D Stahl; A Whinston","Economic Issues in Electronic Commerce,","Readings Electronic Ravi Kalakota and Andrew B Whinston eds Wesley Parts Reprinted under the same title Legal Issues Electronic R L ed Captus Press"
"518","15","23","A Gupta","D Stahl; A Whinston","A Decentralized Approach to Estimate Activity Based Costs and Near-Optimal Resource Allocation in Flexible Manufacturing Systems,","International Journal of Flexible Manufacturing Systems"
"519","15","24","A Gupta","Y Tung; J Marsden"," Digital Signature: Use and Modification to Achieve Success in Next Generational E-Business Processes,","Forthcoming Information Management"
"520","15","25","A Gupta","D Stahl; A Whinston"," Managing Computing Resources in Intranets: An Electronic Commerce Perspective,","Decision Support Systems"
"521","15","26","A Gupta","B Jukic; D Stahl; A Whinston"," Extracting Consumers' Private Information for Implementing Incentive Compatible Internet Traffic Pricing,","Journal of Management Information Systems"
"522","15","27","A Gupta","D Stahl; A Whinston","An Economic Approach to Network Computing with Priority Classes,","Journal of Organizational Computing and Electronic"
"523","15","28","A Gupta","D Stahl; A Whinston","Application of Parallel Computing to Resource Pricing and Scheduling in Flexible Manufacturing Systems,","Operations Research Methods Models and Applications J E Aronson and S Zionts eds Quorum Books"
"524","15","29","A Gupta","D Stahl; A Whinston","Pricing of Services on The Internet,","IMPACT How IC Research Affects Public Policy and Business Markets Quorum Books forthcoming"
"525","15","30","A Gupta","B ukic; P Konana","Pricing Virtual Private Networks - An Economic, Engineering and Experimental Approach,","Business Modelling A MultiDisciplinary Approach Essays honor of Andrew B Whinston C Holsapple V Jacob H R Rao eds Kluwer Academic Publishers forthcoming"
"526","15","31","A Gupta","D Stahl; A Whinston","Priority Pricing of Integrated Services Networks, in Internet Economics, L W McKnight and J P Bailey, eds , MIT Press, Cambridge, MA, , - ",""
"527","15","32","A Gupta","D Stahl; A Whinston"," A Priority Pricing Approach to Manage Multi-Service Class Networks in Real-Time,"," The Journal of Electronic Publishing"
"528","15","33","A Gupta","D Stahl; A Whinston","A Stochastic Equilibrium Model of Internet Pricing,","Journal of Economic Dynamics and Control"
"529","15","34","A Gupta","B Jukic; M Li; D Stahl; A Whinston"," Estimating Internet Users' Demand Characteristics,","Computational Economics"
"530","15","35","A Gupta","B Jukic; M Parameswaran; D Stahl; A Whinston"," Streamlining the Digital Economy: How to Avert a Tragedy of the Commons,","IEEE Internet Computing"
"531","15","36","A Gupta","D Stahl; A Whinston"," The Economics of Network Management,","Communications of the ACM"
"532","15","37","A Gupta","D Stahl; A Whinston","The Internet: A Future Tragedy of the Commons?","Computational Approaches to Economic Problems H Amman B Rustem and A B Whinston eds Kluwer Academic Publishers Dordrecht The"
"533","15","38","A Gupta","D Morrice","Transient S ensitivity Analysis in Computer Simulation,","Proceedings of European Simulation Multiconference Barcelona Nominated for the Best Paper Award"
"534","15","39","A Gupta","P Konana; A Whinston"," Integrating User Preferences and Real-time Workload in Electronic Commerce,","Information Systems Research"
"535","15","40","A Gupta","P Konana; D Stahl; A Whinston","Pricing and Real-Time Database Applications for Information Services: A Framework and Economic Justification,","Proceedings of ICIS International Conference Information Systems Dcember Winner Runners up award for the Best Paper"
"536","15","41","A Gupta","P Konana; D Stahl; A Whinston","Research Issues in Real-time DBMS in the Context of Electronic Commerce,","Proceedings of ACM for Workshop Databases Active and Real time association with th International Conference Information and Knowledge Management"
"537","15","42","A Gupta","A Whinston; B Jukic; D Stahl; M Parameswaran","Streamlining the Digital Economy: How to Avert a Tragedy of the Commons ","IEEE Internet Computing"
"538","15","43","A Gupta","A Whinston; D Stahl","The Economics of Network Management ","Commun ACM"
"539","16","1","A Gupta","A Biere; E Clarke; P Williams","Combining Decision Diagrams and SAT Procedures for Efficient Symbolic Model Checking ","CAV Computer Aided Verification"
"540","16","2","A Gupta","A Clarke; J Kukula; O Shrichman","SAT Based Abstraction-Refinement Using ILP and Machine Learning Techniques ","CAV Computer Aided Verification"
"541","16","3","A Gupta","A Gupta; A Gupta; Z Yang; P Ashar","Dynamic Detection and Removal of Inactive Clauses in SAT with Application in Image","Computation DAC Design Automation Conference"
"542","16","4","A Gupta","P Ashar; Z Yang","Dynamic Detection and Removal of Inactive Clauses in SAT with Application in Image Computation ","DAC Design Automation Conference"
"543","16","5","A Gupta","P Ashar; Z Yang","SAT-Based Image Computation with Application in Reachability Analysis ","FMCAD Formal Methods Computer Aided Design"
"544","16","6","A Gupta","A Suryanarayan; T Blalock","A slew rate enhancement technique for operational amplifiers based on a tunable active Gm-based capacitance multiplication circuit ","ACM Great Lakes Symposium VLSI Very Large Scale Integration"
"545","16","7","A Gupta","P Williams; A Biere; E Clarke","Combining Decision Diagrams and SAT Procedures for Efficient Symbolic Model Checking","CAV Computer Aided Verification"
"546","17","1","A Gupta","J Hayes","Width minimization of two-dimensional CMOS cells using integer programming ","ICCAD International Conference Computer Aided Design"
"547","17","2","A Gupta","J Hayes","Optimal -D cell layout with integrated transistor folding ","ICCAD International Conference Computer Aided Design"
"548","17","3","A Gupta","J Hayes","CLIP: An Optimizing Layout Generator for Two-Dimensional CMOS Cells ","DAC Design Automation Conference"
"549","17","4","A Gupta","J Hayes","CLIP: integer-programming-based optimal layout synthesis of D CMOS cells ","ACM Trans Design Autom Electr Syst"
"550","18","1","A Gupta","A Avila-Campillo; T Green; M Onizuka; D Raven; D Suciu","XMLTK: An XML Toolkit for Scalable XML Stream Processing"," PLANX"
"551","18","2","A Gupta","A Chaudhuri; V Narasayya","Compressing SQL workloads ","SIGMOD International Conference Management of Data Conference"
"552","18","3","A Gupta","A Halevy; D Suciu","View Selection for Stream Processing","WebDB"
"553","18","4","A Gupta","D Suciu","Stream Processing of XPath Queries with Predicates","SIGMOD International Conference Management of Data"
"554","18","5","A Gupta","D Suciu; A Halevy","The View Selection Problem for Stream Processing","PODS Symposium Principles of Database Systems"
"555","18","6","A Gupta","A Halevy; D Suciu","View Selection for Stream Processing ","WebDB"
"556","18","7","A Gupta","A Halevy; D Suciu","The view selection problem for XML content based routing ","PODS Symposium Principles of Database Systems"
"557","18","8","A Gupta","A Suciu","Stream Processing of XPath Queries with Predicates ","SIGMOD International Conference Management of Data Conference"
"558","19","1","A Gupta","K Chakraborty; P Mazumder","A Silicon Compiler for Fault-Tolerant ROMs ","DFT Defect and Fault Tolerance VLSI Systems"
"559","19","2","A Gupta","K Chakraborty; M Bhattacharya; P Mazumder; S Kulkarni","A Physical Design Tool for Built-in Self-Repairable Static RAMs ","DATE Design Automation and Test Europe"
"560","19","3","A Gupta","L Whitman; R Agarwal","Supply chain agent decision aid system SCADAS ","Winter Simulation Conference"
"561","20","1","A Gupta","A Kothari; D Agrawal; S Suri","Range Addressable Network: A P P Cache Architecture for Data Ranges ","Peer to Peer Computing"
"562","20","2","A Gupta","A Abbadi; D Agrawal","Approximate Range Selection Queries in Peer-to-Peer Systems ","CIDR Conference Innovative Data Systems Research"
"563","20","3","A Gupta","M O'Malley","Passive and Active Assistance for Human Performance of a Simulated Underactuated Dynamic Task ","HAPTICS"
"564","21","1","A Gupta","D Siewiorek","Automated Multi-Cycle Symbolic Timing Verification of Microprocessor-Based Designs ","DAC Design Automation Conference"
"565","21","2","A Gupta","A Brennan; D Siewiorek; P Edmond","ASSURE: Automated Design for Dependability ","DAC Design Automation Conference"
"566","21","3","A Gupta","D Siewiorek; W Birmingham","The MICON System for Computer Design ","DAC Design Automation Conference"
"567","22","1","A Gupta","W Hwu","Xprof: Profiling the Execution of X Window Programs ","SIGMETRICS Measurement and Modeling of Computer Systems"
"568","22","2","A Gupta","W Hwu","An execution Profiler for Window-oriented Applications ","Softw Pract Exper"
"569","22","3","A Gupta","W Fuchs","Garbage Collection in a Distributed Object-Oriented System ","IEEE Trans Knowl Data Eng"
"570","23","1","A Gupta","I Akyildiz; R Fujimoto","Performance Analysis of Time Warp with Homogeneous Processors and Exponential Task Times ","SIGMETRICS Measurement and Modeling of Computer Systems"
"571","23","2","A Gupta","I Akyildiz; R Fujimoto","Performance Analysis of Time Warp With Multiple Homogeneous Processors ","IEEE Trans Software Eng"
"572","24","1","A Gupta","A Wong; G Kim; R Sriram; S Gorti","An object-oriented representation for product and design processes ","Computer Aided Design"
"573","24","2","A Gupta","M Vemulapati; R Sriram","Incremental Loading in the Persistent C++ Language E ","JOOP Journal of Object Oriented Programming"
"574","25","1","A Gupta","R Sekar","An Approach for Detecting Self-propagating Email Using Anomaly Detection ","RAID"
"575","25","2","A Gupta","A Tiwari; H Yang; J Frullo; R Sekar; S Zhou; T Shanbhag","Specification-based anomaly detection: a new approach for detecting network intrusions ","ACM Conference Computer and Communications Security"
"576","26","1","A Gupta","M Bhide; M Mohania","Towards Bringing Database Management Task in the Realm of IT non-Experts ","ICDE International Conference Data Engineering"
"577","26","2","A Gupta","M Bhide; M Mohania; S Pandey","Dynamic Access Control Framework Based On Events ","ICDE International Conference Data Engineering"
